{
  "meta_title": "",
  "meta_description": "",
  "sections": [
    {
      "type": "banner-slider",
      "autoplay": 9000,
      "full_width": false,
      "slides": [
        {
          "start": "",
          "end": "",
          "img": "/img/uploads/capa3.png"
        }
      ]
    },
    {
      "type": "shelfs-nav",
      "shuffle": false,
      "limit": "",
      "page": 1,
      "collection_ids": [
        "64ef33092cd6b65959325e67:categories:Cremoso:/cremoso",
        "64ef32942cd6b65959325e03:categories:Fino:/fino",
        "64ef4a572cd6b65959328e31:categories:Ouro:/ouro",
        "64ef4a902cd6b65959328ee0:categories:Prata:/prata"
      ],
      "sort": "slug",
      "shelfs_title": "",
      "autoplay": 0
    },
    {
      "type": "dynamic-showcase",
      "load_more": false,
      "sort": "slug"
    },
    {
      "type": "collection-shelf",
      "shuffle": true,
      "limit": 12,
      "page": 1,
      "collection_id": "64ef32e72cd6b65959325e4c:categories:Cachaça:/cachaca",
      "sort": "slug"
    },
    {
      "type": "page-title",
      "title": "Loja virtual da cachaçaria A Mais Indicada",
      "description": "Estamos em obras"
    }
  ]
}